Category: All categories,
,
Week,pilates: (Salt Lake City UT)
2024-12-08,47
2024-12-15,63
2024-12-22,59
2024-12-29,97
2025-01-05,92
2025-01-12,100
2025-01-19,71
2025-01-26,74
2025-02-02,80
2025-02-09,66
2025-02-16,84
2025-02-23,85
2025-03-02,73
2025-03-09,67
2025-03-16,85
2025-03-23,67
2025-03-30,79
2025-04-06,74
2025-04-13,73
2025-04-20,66
2025-04-27,72
2025-05-04,71
2025-05-11,76
2025-05-18,82
2025-05-25,71
2025-06-01,78
2025-06-08,79
2025-06-15,67
2025-06-22,65
2025-06-29,73
2025-07-06,80
2025-07-13,74
2025-07-20,88
2025-07-27,96
2025-08-03,78
2025-08-10,68
2025-08-17,87
2025-08-24,74
2025-08-31,80
2025-09-07,64
2025-09-14,76
2025-09-21,60
2025-09-28,59
2025-10-05,63
2025-10-12,68
2025-10-19,63
2025-10-26,68
2025-11-02,65
2025-11-09,74
2025-11-16,77
2025-11-23,74
2025-11-30,74
2025-12-07,78